Locus	Guide Name	Guide Sequence	Total INDELs (%)	NHEJ (%)	MMEJ (%)	NHEJ/MMEJ ratio	HDR (%)	Notes
BTK 	BTK g1	GATGCTCTCCAGAATCACTG	93	90	3	30	50	
BTK 	BTK g2	AGCTATGGCCGCAGTGATTC	0	0	0	0		
BTK 	BTK g3	GTGATGTTTTCTTTTTCTGT	0	0	0	0		
BTK 	BTK GKO1	CTTCTCTGAGAAGTAGAATG	55	52	3	17.33333333		BTK GKO1-11 guides tested individually only once, tested in pairs multiple times
BTK 	BTK GKO2	ACCGGAATCTGTCTTTCTGG	4	4	0	4		
BTK 	BTK GKO3	ATGCAAATGATCTACAGCTG	44	27	17	1.588235294		
BTK 	BTK GKO4	AATGATCTACAGCTGCGGAA	23	23	0	23		
BTK 	BTK GKO5	AGGAAAGCAACTTACCATGG	35	19	16	1.1875		
BTK 	BTK GKO6	CTGTGTTTGCTAAATCCACA	0	0	0	0		
BTK 	BTK GKO7	GCCAGGTAATACTGGCTCTG	17	13	4	3.25		
BTK 	BTK GKO8	ATGGAGAGGCCAGTACGACG	9	6	3	2		
BTK 	BTK GKO9	ACTCAGTGATGATGAAGATG	27	14	13	1.076923077		
BTK 	BTK GKO10	GCAGCTGCTAGAGATGTGCA	43	43	0	43		
BTK 	BTK GKO11	CTATACATCAGGACTTCCGG	10	10	0	10		
ALAS2	HG4	GCAGCTGGCTTCTCAGGCAT	88	16	72	0.2222222222		HG 4-60 for guide screen, only tested once. For best guide at locus, will repeat with HDR data
ALAS2	HG5	TCCTAGGCAGCTGGCTTCTC	82	7	75	0.09333333333		
ALAS2	HG6	GGGTGTGAATCCTAGGCAGC	20	0	20	0		
CD14	HG7	GGTGCTGCTCCAAGGGGCCC	91	5	86	0.05813953488		
CD14	HG8	ATTATTCTGTCTTGGATCTT	62	10	52	0.1923076923		
CD14	HG9	GTCCATTCATTATTCTGTCT	0	0	0	0		
CD19	HG10	GAAGAAACGGTGATGGGGAG	0	0	0	0		
CD19	HG11	TCCAGGCTATGCAGAAGAAA	0	0	0	0		
CD19	HG12	GTGTGAATCTTGGGGACTTG	19	4	15	0.2666666667		
CD34	HG13	GGCCGTTTCTGGAGGTGGCC	0	0	0	0		
CD34	HG14	GCTGATACCGAATTGTGACT	74	20	54	0.3703703704		
CD34	HG15	GAATTGTGACTCGGCTAGGT	65	17	48	0.3541666667		
CD68	HG16	AGAGGGCCTGGTAGGCGGAT	72	6	66	0.09090909091		
CD68	HG17	AGCATTTGCTTCAAACCCCA	86	76	10	7.6		
CD68	HG18	CCCCAACCCCCTCAGTGCCC	68	18	50	0.36		
CSF1R	HG19	AACAACTATCAGTTCTGCTG	87	12	75	0.16		
CSF1R	HG20	TCTGCTGAGGAGTTGACGAC	50	15	35	0.4285714286		
CSF1R	HG21	TCCCCGTGTCGCCCCATCCA	86	40	46	0.8695652174		
CSF1R	HG22	CTTCAACTCCTCCATGGATG	72	7	65	0.1076923077		
CSF3R	HG23	GAGGCGCTGGGGAGCTTCTA	67	12	55	0.2181818182		
CSF3R	HG24	GGGAGCTTCTAGGGCTTCCT	0	0	0	0		
CSF3R	HG25	CTTCCTGGGGTTCCCTTCTT	75	0	75	0		
CSF3R	HG26	TCTTAAAGGCCTGAGCTAGC	9	8	1	8		
CYBB	HG27	AGCATCTCCAACTCTGAGTC	26	17	9	1.888888889		
CYBB	HG28	CTTCCATGAGGAAATAAATG	12	6	6	1		
CYBB	HG29	ATTAGCATTATTTGAGCATT	0	0	0	0		
GATA1	HG30	CTGTGCCCTCATGAGCTGAG	95	87	8	10.875		
GATA1	HG32	GAAGGACACCACCCCTCCTC	51	7	44	0.1590909091		
GATA1	HG33	GAGCATGGCCTCCAGAGGAG	71	23	48	0.4791666667		
IGKC	HG35	CAACAGGGGAGAGTGTTAGA	80	19	61	0.3114754098		
IGKC	HG36	TCAGGCTGGAACTGAGGAGC	16	1	15	0.06666666667		
IGKC	HG37	TCAGAGGCCAAAGGATGGGA	58	2	56	0.03571428571		
IL7R	HG39	GCTCACGGTAAGTTCAGTCT	87	28	59	0.4745762712		
IL7R	HG40	CGCTCACGGTAAGTTCAGTC	22	18	4	4.5		
MPL	HG41	CCAATAGCTTAGTGGTAGGT	77	8	69	0.115942029		
MPL	HG42	TTGGCAGCAGCCTTGAGGAC	4	0	4	0		
MPL	HG43	TTGTGTTGTGGGGGTAGGGT	3	0	3	0		
MS4A1	HG44	AAAACAGAAGAAATCACTTA	22	18	4	4.5		
MS4A1	HG45	TGAACACTAATGTTTAAAAA	6	6	0	6		
MS4A1	HG46	ATGAAAGTCAGCATGTCTCT	39	35	4	8.75		
PF4	HG47	GAAAATAATTAAGAAACTTT	0	0	0	0		
PF4	HG48	TATAGCAAATGCACACACGT	57	47	10	4.7		
PF4	HG49	TTTCACAGTTAGATTGAAAC	0	0	0	0		
PTPRC	HG50	AGCTTTAAATCAAGGTTCAT	35	5	30	0.1666666667		
PTPRC	HG51	ATAACAGCTAACAGGAGGTT	41	11	30	0.3666666667		
PTPRC	HG52	AAATAGAAATAACAGCTAAC	15	13	2	6.5		
RHD	HG53	CAGTTTCCTCATTTGGCTGT	0	0	0	0		
RHD	HG54	AAGTTGTCTTGTTTTTGAAC	10	0	10	0		
RHD	HG55	AAAAGCATCCAAGAAAAACA	37	36	1	36		
S100A8	HG56	TTTCTTCATGGCTTTTTTTG	0	0	0	0		
S100A8	HG57	GAGTTACTGGGCCCAGAGGC	16	3	13	0.2307692308		
S100A8	HG58	TGTCCAGGGGCCCAGCCTCT	99	7	92	0.07608695652		
VWF	NJ g2	TGGAGTGCAAATGCTCCCCC	45	12	33	0.3636363636		
VWF	HG59	TGAGGCTGCTGCAGCTGCAT	78	15	63	0.2380952381		
VWF	HG60	AGGCCAAGGCAGGCAGCAGC	33	0	33	0		
CCR5	g11	GCAGCATAGTGAGCCCAGAA	90	90	0	90		From Hana/Freja/Sridhar guide screen, only done once
CCR5	g10	CTCACTATGCTGCCGCCCAG	1	1	0	1		
CCR5	g5	CAATGTGTCAACTCTTGACA	70	4	66	0.06060606061		
CCR5	g6	TTGTATTTCCAAAGTCCCAC	2	2	0	2		
CCR5	g7	TGTATTTCCAAAGTCCCACT	47	35	12	2.916666667		
CCR5	g8	ATTTCCAAAGTCCCACTGGG	71	66	5	13.2		
CCR5	g9	AAGGAAAAACAGGTCAGAGA	0	0	0	0		
HBB	R02	CTTGCCCCACAGGGCAGTAA	83	0	83	0		
HBB	g10	CCACGTTCACCTTGCCCCAC	32	13	19	0.6842105263		
HBB	g5	GTAACGGCAGACTTCTCCTC	76	0	76	0		
HBB	g6	CGTGGATGAAGTTGGTGGTG	28	3	25	0.12		
HBB	g7	CTCAGGAGTCAGGTGCACCA	0	0	0	0		
HBB	g8	CACGTTCACCTTGCCCCACA	55	37	18	2.055555556		
HBB	g9	TTGGTGGTGAGGCCCTGGGC	29	3	26	0.1153846154		
CCR5	58-CCR5-sg11	GCAGCATAGTGAGCCCAGAA	81	81	0	81	19.5	Average from 2 donors
CCR5	59-CCR5-sg1	TCCTTCTTACTGTCCCCTTC	0	0	0	0	10.5	Average from 2 donors
CCR5	60-CCR5-sg2	CCTTCTTACTGTCCCCTTCT	57.5	18	39.5	0.4556962025	77.5	Average from 2 donors
CCR5	61-CCR5-sg3	CAGCATAGTGAGCCCAGAAG	61.5	21	40.5	0.5185185185	83	Average from 2 donors
CCR5	62-CCR5-sg4	GGCAGCATAGTGAGCCCAGA	11	6.5	4.5	1.444444444	27.5	Average from 2 donors
HBB	63-HBB-R02	CTTGCCCCACAGGGCAGTAA	68.5	3	65.5	0.04580152672	56	Average from 2 donors
HBB	64-HBB-sg1	AGTCTGCCGTTACTGCCCTG	70.5	41	29.5	1.389830508	31.5	Average from 2 donors
HBB	65-HBB-sg2	GTCTGCCGTTACTGCCCTGT	11	6	5	1.2	19	Average from 2 donors
HBB	66-HBB-sg3	TCTGCCGTTACTGCCCTGTG	81.5	77.5	4	19.375	38	Average from 2 donors
STING1	67-STING1-sg3	ACACTGCAGAGATCTCAGCT	87.5	85.5	2	42.75	33	Average from 2 donors
STING1	68-STING1-sg5	CACACTGCAGAGATCTCAGC	0	0	0	0	5	Average from 2 donors
STING1	69-STING1-sg6	CACTGCAGAGATCTCAGCTG	88	41.5	46.5	0.8924731183	82.5	Average from 2 donors
MS4A1	CD20 g1 EH	GGCCTTTCATTGGCTCTGCC	4	4	0	4		From FE/HG guide screen
MS4A1	CD20 g3 EH	ATAGCAATAGGGCCTTTCAT	16	3	13	0.2307692308		From FE/HG guide screen
MS4A1	CD20 g4 EH	TTCCCGGCAGAGCCAATGAA	1	1	0	1		From FE/HG guide screen
MS4A1	CD20 g5 EH	GACCAGATTGCATAGCAATA	56	25	31	0.8064516129		From FE/HG guide screen
MS4A1	CD20 g7 EH	GAGGATTCCTGATCTTGGGG	26	15	11	1.363636364		From FE/HG guide screen
MS4A1	CD20 g8 EH	AATTATTCCAATCCAAGAAG	34	12	22	0.5454545455		From FE/HG guide screen
MS4A1	CD20 g9 EH	GGAGAGCTGTCATTTTCTAT	45	4	41	0.09756097561		From FE/HG guide screen
MS4A1	CD20 g13 EH	GUCCCAUUUACUGAAUUUCU	27	8	19	0.4210526316		From FE/HG guide screen
CD2	CD2_UTR sgRNA 1	GCTGCCCCATGGGGAGGTTT	43	20	23	0.8695652174		From FE/HG guide screen
CD2	CD2_UTR sgRNA 2	TTTTCTGCTGCCCCATGGGG	3	2	1	2		From FE/HG guide screen
CD2	CD2_UTR sgRNA 3	GAGTTTTCTGCTGCCCCATG	37	34	3	11.33333333		From FE/HG guide screen
CD2	CD2_UTR sgRNA 4	TGAGTTTTCTGCTGCCCCAT	69	59	10	5.9		From FE/HG guide screen
CD2	CD2_UTR sgRNA 5	ATGAGTTTTCTGCTGCCCCA	18	18	0	18		From FE/HG guide screen
CD2	CD2_UTR sgRNA 8	TTTTTCAATAAAAAGCACTG	0	0	0	0		From FE/HG guide screen
CD2	CD2_UTR sgRNA 9	GTACGGATATGCACATCAGG	62	28	34	0.8235294118		From FE/HG guide screen
CD2	CD2_UTR sgRNA 10	GAAGTACGGATATGCACATC	77	22	55	0.4		From FE/HG guide screen
CD2	CD2_UTR sgRNA 11	TGCACACAGAAAACACCTCA	64	46	18	2.555555556		From FE/HG guide screen
CD7	CD7_E1 sgRNA 2	CCTGCTGCTGCCCCTGCTTC	57	14	43	0.3255813953		From FE/HG guide screen
CD7	CD7_E1 sgRNA 3	GCTGCCCCTGCTTCTGGCGC	18	2	16	0.125		From FE/HG guide screen
CD7	CD7_E1 sgRNA 4	CTGCTTCTGGCGCTGGCTCG	46	21	25	0.84		From FE/HG guide screen
CD7	CD7_E1 sgRNA 5	CGAGCCAGCGCCAGAAGCAG	85	12	73	0.1643835616		From FE/HG guide screen
CD7	CD7_UTR sgRNA 1	GGGAGGACAGCGTGTTGCAG	75	21	54	0.3888888889		From FE/HG guide screen
CD7	CD7_UTR sgRNA 2	TCACTGGTACTGGTTGGGGG	75	20	55	0.3636363636		From FE/HG guide screen
CD7	CD7_UTR sgRNA 3	GGGTCACTGGTACTGGTTGG	67	23	44	0.5227272727		From FE/HG guide screen
CD7	CD7_UTR sgRNA 4	TGGGTCACTGGTACTGGTTG	76	24	52	0.4615384615		From FE/HG guide screen
CD7	CD7_UTR sgRNA 5	AACCAGTACCAGTGACCCAG	89	28	61	0.4590163934		From FE/HG guide screen
CD7	CD7_UTR sgRNA 6	ACCAGTACCAGTGACCCAGT	92	29	63	0.4603174603		From FE/HG guide screen
CD7	CD7_UTR sgRNA 7	GCCCACTGGGTCACTGGTAC	73	12	61	0.1967213115		From FE/HG guide screen
CD7	CD7_UTR sgRNA 8	GCAGGGGCCCACTGGGTCAC	85	30	55	0.5454545455		From FE/HG guide screen
CD7	CD7_UTR sgRNA 9	CGGGACGTGCAGGGGCCCAC	91	29	62	0.4677419355		From FE/HG guide screen
CD7	CD7_UTR sgRNA 10	ACCACAGGCGGGACGTGCAG	93	23	70	0.3285714286		From FE/HG guide screen
CD7	CD7_UTR sgRNA 11	GGACCACAGGCGGGACGTGC	72	31	41	0.756097561		From FE/HG guide screen
CD7	CD7_UTR sgRNA 12	GGTGCTGGGGGGACCACAGG	98	13	85	0.1529411765		From FE/HG guide screen
CD7	CD7_UTR sgRNA 13	GAAGGTGCTGGGGGGACCAC	99	14	85	0.1647058824		From FE/HG guide screen
IL2RG	IL2RG-sgRNA1	GACATATCTGTCTTTAGGCC	0	0	0	0		From FE/HG guide screen
IL2RG	IL2RG-sgRNA3	GGCCTGGAGTGGTGTGTCTA	9	9	0	9		From FE/HG guide screen
IL2RG	IL2RG-sgRNA4	GCCTGGAGTGGTGTGTCTAA	72	23	49	0.4693877551		From FE/HG guide screen
IL2RG	IL2RG-sgRNA5	GAGTGGTGTGTCTAAGGGAC	89	52	37	1.405405405		From FE/HG guide screen
IL2RG	IL2RG-sgRNA6	TCCCTTAGACACACCACTCC	81	39	42	0.9285714286		From FE/HG guide screen
IL2RG	IL2RG-sgRNA7	CAGAGTCGTTCACTGTAGTC	0	0	0	0		From FE/HG guide screen
IL2RG	IL2RG-sgRNA8	TTGGGGGAATCTCACTGACG	59	26	33	0.7878787879		From FE/HG guide screen
CD45	CD45 KO sgRNA 1	CCCCCAUGAACGUUACCAUU	73	44	29	1.517241379		From FE/HG guide screen
BTK 	BTK-101375150	AUGAGUAUGACUUUGAACGU	72	21	51	0.4117647059		From FE/HG guide screen
BTK 	BTK+101375167	UUCAAAGUCAUACUCAUAGU	40	26	14	1.857142857		From FE/HG guide screen
MS4A1	CD20 g14	AGUCCCAUUUACUGAAUUUC	0	0	0	0		From FE/HG guide screen
MS4A1	CD20 g16	CACCCAGAAAUUCAGUAAAU	0	0	0	0		From FE/HG guide screen
VEGFA3	2-VEGFA3	GGTGAGTGAGTGTGTGCGTG	34	8	26	0.307692		From FE/HG guide screen
AMIGO2	4-AMIGO2	ACGATTACACCTGTCGCCTG	15	0	15	0		From FE/HG guide screen
C1orf61	5-C1orf61	TCTATCGTCCACACGGAGGA	72	56	16	3.5		From FE/HG guide screen
BMF	6-BMF	AGAGAGCAAGCTCCCGGGTT	37	15	22	0.681818		From FE/HG guide screen
BLOC1S	7-BLOC1S	GATCCACCAAAGCTTCTGTC	95	95	0	95		From FE/HG guide screen
AK2	8-AK2	GAGTGGCCGTTCCTACCACG	98	86	12	7.166667		From FE/HG guide screen
AGPAT1	9-AGPAT1	CATCGACCGGAAGCGCACGG	91	86	5	17.2		From FE/HG guide screen
C16orf58	11-C16orf58	ACGGAATCCCACAGCTGGTA	75	44	31	1.419355		From FE/HG guide screen
C15orf53	12-C15orf53	CTGGTTTCATGGTTCCTCCG	89	75	14	5.357143		From FE/HG guide screen
C1orf112	14-C1orf112	TTATTATGGACTGGTGCTTA	0	0	0	0		From FE/HG guide screen
ATXN7	15-ATXN7	TAATCAGGTTGTCAAACCGC	55	27	28	0.964286		From FE/HG guide screen
AKIRIN1	16-AKIRIN1	AAGAATATAGTCGTTATCAG	30	29	1	29		From FE/HG guide screen
EMX1	17-EMX1	GAGTCCGAGCAGAAGAAGAA	50	21	29	0.724138		From FE/HG guide screen
ATF5	18-ATF5	TGGGATGGCTCGTAGACTAT	3	3	0	3		From FE/HG guide screen
C2orf15	19-C2orf15	TGGATGATCACTTAATACGA	62	36	26	1.384615		From FE/HG guide screen
C2orf74	20-C2orf74	CCTTGTACAGATGCAAACGG	71	64	7	9.142857		From FE/HG guide screen
AKAP6	21-AKAP6	ACGCCAATGGCAACTACACT	38	12	26	0.461538		From FE/HG guide screen
C12orf54	22-C12orf54	GTCCTGGGTGCTGATGTCAT	50	7	43	0.162791		From FE/HG guide screen
ATP6V0A2	23-ATP6V0A2	TGTTTGGATAGGGGTACACG	42	29	13	2.230769		From FE/HG guide screen
ACOT13	24-ACOT13	GCAATAGGCACTCTCCACGG	74	32	42	0.761905		From FE/HG guide screen
ACOT2	25-ACOT2	GAGCGTCCCGGCTGTACCAA	36	19	17	1.117647		From FE/HG guide screen
ALPK2	27-ALPK2	GATAACCCTAACCTACACCG	37	30	7	4.285714		From FE/HG guide screen
HPRT38285	29-HPRT38285	CTTATATCCAACACTTCGTG	5	5	0	5		From FE/HG guide screen
ANKRD61	30-ANKRD61	AGAAGACTGCACTACGATCG	63	36	27	1.333333		From FE/HG guide screen
ALS2	31-ALS2	ACAATGGTGTCGCGTACATG	7	7	0	7		From FE/HG guide screen
A1CF	32-A1CF	TAATCGGCAGTTGTCCACAC	25	14	11	1.272727		From FE/HG guide screen
ABCD3	33-ABCD3	ACTCGACTTCGAAGACCCAT	27	21	6	3.5		From FE/HG guide screen
ALDH3A	36-ALDH3A	GGACACCCCCATTGATTACT	25	13	12	1.083333		From FE/HG guide screen
ANGPTL6	38-ANGPTL6	ACAAGACGGACCGGAACCAC	21	6	15	0.4		From FE/HG guide screen
ARHGAP36	39-ARHGAP36	AAGGTGTTCGGACGGTCAAT	11	0	11	0		From FE/HG guide screen
ABHD5	40-ABHD5	TTGGACGAAGTAGTAGACCC	25	15	10	1.5		From FE/HG guide screen
ATP6AP2	41-ATP6AP2	GAAACAGGCGATTACGGAGC	13	2	11	0.181818		From FE/HG guide screen
BZW1	42-BZW1	AACTGAAACCGGTACTGATT	7	6	1	6		From FE/HG guide screen
BRIX1	43-BRIX1	GCAACCAAGAGGAAACGGCG	64	25	39	0.641026		From FE/HG guide screen
ACVR1C	44-ACVR1C	TGTAGGAGCACTGTCGACCC	59	10	49	0.204082		From FE/HG guide screen
ARHGAP23	45-ARHGAP23	CATCGTGTACCCACCCGAGT	57	14	43	0.325581		From FE/HG guide screen
ACTN1	47-ACTN1	GTGCTTTGATCCACCGACAC	8	0	8	0		From FE/HG guide screen
ANKRD35	48-ANKRD35	CCATTCGAGTCAAGCTTGGT	46	16	30	0.533333		From FE/HG guide screen
BMX	49-BMX	CGTCCACGAAGAACCCACTA	82	53	29	1.827586		From FE/HG guide screen
ARID1B	50-ARID1B	TGCCAATTGGATACCGCTGT	6	4	2	2		From FE/HG guide screen
AFG3L2	51-AFG3L2	AAGGCGATGATGAGCACCGT	55	10	45	0.222222		From FE/HG guide screen
ALPK1	52-ALPK1	CGTCGAGCCCATACAGGAAC	6	0	6	0		From FE/HG guide screen
APAF1	53-APAF1	TCTTTGCACACGGTTGGATC	10	0	10	0		From FE/HG guide screen
ADPGK	54-ADPGK	AGCCCAAGGGAAGTCACCGC	85	13	72	0.180556		From FE/HG guide screen
ACAT2	55-ACAT2	GCCGCCGAGACGATGACCAC	68	25	43	0.581395		From FE/HG guide screen
APOC3	57-APOC3	GCAACAACAAGGAGTACCCG	51	16	35	0.457143		From FE/HG guide screen